# alias	repository
forest	kudokudo1/The-Forest-Project
swayfx	kudokudo1/animate-swayfx
lanmouse	kudokudo1/lan-mouse-2-Player_Mode
taskbars	kudokudo1/taskbars-post-apollo
crt	kudokudo1/metapollo-kitty-crt
history	kudokudo1/post-apollo-history
tv	kudokudo1/post-apollo-tv
sway	kudokudo1/post-apollo-sway-config
zellij	kudokudo1/post-apollo-zellij
theme	kudokudo1/post-apollo-neonretro
think	kudokudo1/How-I-Think
nvim	kudokudo1/post-apollo-neovim
zsh	kudokudo1/post-apollo-zsh
fastfetch	kudokudo1/post-apollo-fastfetch
toybox	kudokudo1/post-apollo-toybox
dev	kudokudo1/The-Post-Apollo-Dev-Experience
